feature1,feature2,target
-0.7628975877269425,-0.7068080676993844,0
-1.0754357077913148,-1.0511621024238484,0
-0.6101145893578823,-0.9098015729910123,0
-2.02328392122917,-0.4289447199017409,1
-0.8129210479182211,-1.3162056275403429,0
-1.4210565289121548,-1.1734263885821206,0
-1.1200230324050757,-0.7640001164086107,0
-1.6692886070550597,-2.009059601045739,0
-1.7757771963746827,-1.8001677834755352,0
-0.8632662471778699,0.016043021446836336,0
-1.563850877851739,-0.19154271830223857,0
-1.070510589612055,-1.2847260739534492,0
-1.1413343959280784,-1.562068162446713,0
-1.9826813785640298,-1.6988936644011037,0
-1.467769443986793,-0.9973160618157373,0
-0.9544193191640772,-0.4611646316318706,0
-0.679623193113676,-0.856088794689061,0
-1.800032751522977,-1.7278061777575315,0
-1.7972348049800368,-2.307282161834923,0
-1.3640443273716156,1.0445362645337302,1
-0.6385056945354302,-0.5423934457573678,0
-1.3875312155607333,-1.2792174231840117,0
-0.301026400995812,0.09735336026017327,0
-1.6748252603464542,-2.695364999691906,0
-0.45038246850130137,-0.23385036587990538,0
-0.23981099932125471,0.2494598047926675,0
-0.46873232053867797,0.11724239352081656,1
-1.4746146192386442,-0.7920837095821037,0
-0.6020247189503729,-0.9777230029401008,0
0.6228338557509538,1.4206949242295983,0
-1.5822537050243812,-1.6782512298878909,0
-0.6511984895759864,-0.5183448123755847,0
-2.263611564794172,-1.95836011018493,0
-1.3128837095681425,-0.817248061771108,0
0.1944712698064528,2.5997205057333543,1
-1.152921387991757,-1.7548850818201585,0
-1.9107998330571805,-1.927793661003583,0
-1.4815431889458799,-1.2796447370099349,0
-1.4738789387330535,-1.3882744948562042,0
-1.224170178418405,0.097356514481165,1
-1.1216399328211029,-1.588587924755473,0
-1.0383682032618935,-1.5091248009411473,0
-0.7373600327637372,-0.41709126918192474,0
-0.7573164134323096,-0.13149387828845616,0
-0.8409279416297284,-0.0068815684890334294,0
-1.0365747872409345,-0.8190068954358967,0
-0.5725644235663707,-0.016101070995590883,0
-0.960188857258053,-0.8848138773372317,0
-1.1451989163872258,-0.6263463795954588,0
-0.488528737089729,-0.01449550313306247,0
-1.2528970855348953,-0.812643156960988,0
-1.2753627695404064,-1.4326806423022893,0
-0.889933597888745,-1.3697572857871756,0
-1.2270162489382421,-1.0590363578624793,0
-1.0151147357451953,-0.4122192155011173,0
-1.490318857495021,-1.482096396447762,0
-0.5313446056679302,-0.29017451872279,0
-1.5913020073575375,-0.49910474342012034,0
-0.26253591423882394,0.16580744823670956,0
-1.7953242274068844,-1.5529856370437907,0
-0.4678467875889867,-0.476326207926137,0
-0.524356534820454,0.372598177695457,0
-0.6819275632325525,-0.6543028923969857,0
-1.0074353223695713,-0.3913720896633802,0
-1.4960952847710876,-1.7674478727317746,0
-0.2735825101737367,-0.20270530184499536,0
-0.5288083693759785,0.4728298484898523,1
0.009167479297303327,-0.39546560237152784,0
-0.884965185997322,-0.5732426165079334,0
-1.331746240189491,-1.020370325818634,0
-1.2300705727456478,-0.7514764315388744,0
-1.4446403192945616,-1.664818339562431,0
-0.9582965441611517,-0.5164179107690373,0
-0.9936015036046187,-0.6990043244151767,0
-1.2281707727098816,-0.8484422872137455,0
-0.80772223924548,-0.08125705417731455,0
-0.9652936743477167,-1.401331012344464,0
-0.40293133325147223,-0.7201668384872657,0
-1.648509241453534,-1.4282681456067101,0
-0.8935700703174306,-1.4232731579607176,0
-1.5510072031348772,-0.8077558729067704,0
-1.211448434939349,-1.8252935250383064,0
-0.3660566041648554,-0.28102416645502815,0
-0.4231605726475073,0.09205217104479435,0
-0.7807979404452426,-1.1468629058695101,0
-0.4639496130954771,0.0017973209619752684,0
-0.31915757119997434,-1.0441261724813038,0
-1.6117340445477615,-1.0030374813975897,0
-1.1700318226784794,-1.7149381139114181,0
-1.1489724935336658,-1.608764881506302,0
-1.4791468510446153,-1.3674239922293807,0
-1.5049860502397547,-1.6593534304238668,0
-0.4565475203365241,-0.4021048651105761,0
-1.3860064306194253,-0.8296975305133558,0
0.07504580480020606,1.0085367351334695,0
-1.1730654891757664,-1.081739712420279,0
-1.5079916613350013,-1.8516347743448522,0
-1.9632539848220887,-1.5935374703274827,0
-0.40005755505345775,1.944424332649311,1
-0.23874833428776976,0.004150484345520233,0
-1.3173840593696031,-1.3622762223307205,0
-1.2418985397115585,0.8773100953068786,1
-0.9215446748403496,-1.2902771278342193,0
-0.43219435389467575,0.4075391293626991,0
-0.6017857022605697,-0.7519812405789613,0
-0.8871388840379574,-1.2629640309426582,0
-1.2102180630426478,-0.5542654291177509,0
-0.14423873509328555,0.05357058199664766,0
-1.2897624381320127,-0.7604575776547018,0
-0.41971558844651535,0.3404682829871575,0
-0.8789995764391594,-1.3205676924069487,0
-0.49348725307009467,0.2960675048791379,0
-1.534715339558127,-0.8703899064839604,0
-0.08041637832907722,0.08574954015161995,0
-1.279643488694385,-1.4180032802176532,0
-1.0532710861829995,-2.497737511567431,0
-0.4193672223729995,-0.37144791809855937,0
-0.27944492189190073,-0.671849361596139,0
0.057828307226124975,-0.2362904772088702,0
-0.4791501894593373,-0.071508624068499,0
-0.49732346712978837,-1.3172577171967388,0
-2.6265185061559873,-3.029243970677585,0
-1.5616584114211978,-1.4252883354662749,0
-1.1084416633791725,-1.0434270237767023,0
-2.1166536945187477,-1.9202889821473335,0
-1.9718163770901869,0.41126625536689343,1
-0.9053395445298003,-1.4004896131001607,0
-0.6499579133840405,-1.0172075726850964,0
-1.6613824550227454,-2.7291145543588957,0
-0.4320921885840229,-0.611077656987405,0
-1.9984988031540851,-2.722180554897124,0
-0.8016707424479045,-1.574237822735559,0
-0.29875161979032605,1.9980583701206278,1
-1.6496221403661273,-1.4529266225206947,0
-0.7689746935805404,-0.3533154486227693,0
-0.31172864666433264,0.13999135721381184,0
-1.5629718424899801,-1.1651440343966604,0
-1.6709374450695562,-1.096995849352035,0
-1.240053231992996,-1.2098959597215844,0
-0.7982305382203985,-0.838398016643949,0
-1.312088263512425,-1.9634698550109269,0
-1.9185997098964607,-2.522797961145542,0
-1.141873073977865,-1.3328904652607205,0
-0.815625312031391,-0.712897901227705,0
-0.618744426141707,-0.3440854903765441,0
-0.7789155234606294,-0.8195275053178738,0
-1.343082555710529,-1.7828664336262912,0
-0.5646794286186128,-1.201265271784255,0
-1.3505309518845112,-1.3689938349670454,0
-1.1810468761866715,-1.212316916529573,0
-0.7737581910618585,0.550079189968463,1
-1.0432353807054984,-0.3879589510895961,0
-0.7218639379524372,-0.504954768898044,0
-1.1528380130265052,-1.0986889846199197,0
-0.47423684735820293,-0.6698290660091414,0
-0.12593674206444705,-0.23674315421978975,0
-1.1984186126333494,-1.6445870799307942,0
-1.5108312091876925,-1.1255736805363936,0
-1.2408203089882552,-0.9754322988206038,0
-0.3660321552072986,0.40732154358306394,0
-1.712142716414189,-1.7433354868968913,0
-1.1101540100530374,-1.478588651881914,0
-1.359228605771365,-2.0702658752400005,0
-0.509320694506303,0.15595038887068635,0
-1.0781871891843917,-1.1721040862601624,0
-1.3200023107600698,-1.676180942197966,0
-0.21724580529079496,0.7189409251934871,0
-1.0611758995162668,-0.6449074921887668,0
-1.2388341667546856,-0.7321091263243802,0
-0.37249103681404505,-0.1320303653993351,0
-0.42191384344298377,0.5244397408585848,0
-0.6135620405564065,0.3260433093816677,0
-1.5275863913191712,-1.878893387936361,0
-0.6500117657365214,-0.10852641772364824,0
-0.900415475744464,-0.244829209558992,0
-0.7491090478709147,-0.7969618354153444,0
-1.282848184860858,0.9039706713348673,1
0.11132364313284393,2.2863332771641316,1
-0.8771475557395643,-0.5692968710023136,0
-2.5890138241985277,-2.9741077083209575,0
-0.3888022157755233,-0.06302514483406918,0
-1.9453278146892068,-1.9274656257779141,0
-1.1344955571626305,-1.5729231219263609,0
-0.9034117642470596,0.9005523889305034,1
-1.883294286751382,-2.2257509256785966,0
-0.8147001539217638,-1.0451980796286342,0
-1.8624855006704055,-0.698257921273176,0
0.6954751091305988,-0.02341175080151736,0
-0.35703045137822154,0.40933266190481765,0
-1.1910834359565416,-0.5818236790846818,0
-1.1431730836021132,-0.766613252522557,0
-1.3010659978382602,-1.3838766834898264,0
-2.1699890085763722,-2.4938774664824717,0
-1.9417794823555479,-2.2413440417804207,0
-1.165486244151691,-1.015914782093114,0
-0.43482345508157016,-0.8153531060419117,0
-1.9443568996117429,0.38443410309923975,1
-0.3134878308460417,-0.6333543011690462,0
-0.5693175248286274,0.053245456578490336,0
-0.8369439197337983,-0.534435257966921,0
-1.0635805130266922,-1.379816487408263,0
-0.829055458146597,-0.7782451132544198,0
-1.118084911128009,0.3535406527296855,1
-0.6606009945264679,-0.6778819772499622,0
-0.7558465421961427,0.09185801664164983,0
-1.816039822306924,-1.249334135694172,0
-0.2526952143430047,0.5170976570691017,0
-2.26217843558303,-2.0893286314607247,0
-0.5483781953895933,-1.9930036358177632,0
-1.6909347083372261,-1.746662862176505,0
-1.9830337558123547,-0.09177567384714824,1
-0.6188288425904849,1.4181598215000084,1
-1.1558140775514079,1.7930101186977998,1
-2.356408301533272,-3.029852648655128,0
-1.3069256782200225,-1.100391075546731,0
-0.9321545190855725,-0.8017192600842205,0
-0.2618162344786137,2.0665415560846006,1
-0.8766354402959418,0.9874292839819713,1
-1.0636340971422322,-0.6045469603594493,0
-1.126998189055235,-0.8751234156530145,0
-1.2073461063043762,-2.4741993803419438,0
-0.8361755111029623,-0.9384721735495816,0
-1.440402254894361,-0.8913763398250194,0
-0.762324910861861,-1.074919324822226,0
-1.3687639033839079,-2.411616873479083,0
-1.5436217652050703,-0.09730530038821184,0
-0.9556082565793241,-0.942920387811598,0
-1.3934125125254377,-1.8929439751192876,0
-0.970145579018889,-0.9255570800103831,0
-1.1629482823922446,1.3554764653556202,1
-1.4495723454382508,-1.183592725499608,0
-0.8604184298579638,-0.6179321023421184,0
-0.19070346491299295,-0.6964080177840244,0
-0.7271211564899371,-1.0049237645163551,0
-0.6582515185641115,-0.11816682633553321,0
-0.7906658047850365,-0.4471140290588458,0
-1.6199977162414725,-1.838266330665398,0
-0.761935073534474,-0.31956312421753175,0
-0.6973835032495785,-0.8615001242432377,0
-0.19262736667617797,0.05513427409451599,0
-1.0466302497595708,1.0102763044152343,1
-1.3297176735157448,-1.2454325027817275,0
0.17201989135387796,0.6898852959826776,0
-0.7987393963451298,-1.4225263717506813,0
-1.1663942008490784,-0.8292899163593104,0
-2.0210630856220515,-2.876941774239266,0
-0.9523547259072188,-0.2053010763909736,0
-0.3526910818925443,-0.5989811710631638,0
-1.0582267984671314,-1.3886987340630124,0
-1.1950190273914136,-0.8641261850592238,0
-1.0157779185502982,0.8796559742667021,1
-0.8568035224748303,-0.2181732762390488,0
-0.40622347123739366,0.09855650633666202,0
-0.6668847285088124,-0.912471925992612,0
-1.034066982466267,-0.9257436909085215,0
0.13521156859726724,0.7970304837939215,0
-0.44626471309550164,-0.3377042632676891,0
-1.5238487143725372,-2.085947107635172,0
-1.1671348697642032,-1.6682782368098379,0
-0.29843824267936003,0.8652980397193957,1
-1.1056157634130273,-1.7092402089299716,0
-1.3222093167224047,-0.8716973087044504,0
-0.19352703497444312,0.9261878432033035,0
-1.0261297415908561,-0.80983203112338,0
-0.6787275014659764,1.2359157146968696,1
-1.6358998395919309,1.0803704738855189,1
0.30548233063693764,0.9696897870631915,0
-1.6641754735123093,-0.8776323928050237,0
-0.5922307447835589,0.08354517514218163,0
-1.7227711105889592,-2.1425708925938416,0
-1.7606064402569919,-2.97244654624075,0
-0.3287438148614913,-0.9630259785801966,0
-1.1189725825791172,0.6562839754720846,1
-0.4795875736666607,2.3997733252530864,1
-1.2379225697016574,-1.8175983308098727,0
-0.13063999355281242,-0.7996327078796464,0
-0.19559334991114874,0.021473955688269264,0
-1.0508709958539453,-1.0836696445685503,0
-1.2331436609199857,-0.7642814310479442,0
-0.9359876733130422,-0.9183800445202152,0
-1.5386055765276963,-2.1710403646478738,0
-0.4434924657792002,-1.169339259245024,0
-1.2729661268623271,-1.5302260814642512,0
-0.4616820633839688,-1.4205139313434025,0
-1.1328482349472782,-1.767879910192042,0
-0.9012043012701346,-0.749934735520801,0
-1.4574147945302607,-0.8355115834017763,0
-1.511796649674465,-1.284807289957781,0
-0.7841880569102132,0.11471425976662097,1
-0.47596123066649865,-0.7549815945889824,0
-0.691499573287349,-0.5134136407848324,0
-1.4639752611206145,-2.108946997215961,0
-2.761013835285179,-3.3673269816236844,0
-1.4124486982254694,-1.3928441406395276,0
-1.4703039570538348,0.2625076910718297,1
-1.3222650501132045,-2.4470824389158308,0
0.21332641272336916,0.9040604212171024,0
-0.7621643075256598,0.11322506676033628,0
-1.9268474662265653,-1.0938350970114887,0
-0.4179080947583895,-0.4474124881069702,0
-1.2258517302826086,-1.626722133039694,0
-0.6291320574433175,0.23829397461923607,0
-1.3461123380204345,-1.1215413778486547,0
-1.2154569144046252,-1.1607130752371573,0
-1.122046743285529,-0.7575390021415802,0
-1.5827326664496724,-1.427393865390316,0
-1.3104443281485318,0.5969366909082376,1
-0.46650628210257006,-0.6386618610057413,0
-1.1265044107238609,0.8670773977663185,1
-1.0878687014837436,-1.3597743151368433,0
-1.0011719567220179,-0.16414164117227303,0
-1.0759559618739787,-0.9344350999107934,0
-1.6843240438216838,-1.769769934449857,0
-1.3624174741382389,-1.3298660586764937,0
-0.5110291969340476,-0.8346996175556438,0
-1.653626117522371,-1.2750891193967637,0
-1.186001691833266,-0.2992513801129184,0
-1.1041355068191105,-2.1794752362139693,0
-1.647098501502221,-2.6347061342198375,0
-1.4041675253201733,0.8964760168350112,1
-1.6103645979789922,-0.48790840960490944,0
-1.475978911997989,-2.3410667495878155,0
-0.053089050690268924,-0.5369596958514835,0
-0.9398959873357998,-1.2330265192704675,0
0.48850778752683666,0.2715764443605242,0
-1.2478619186563078,-1.2009796097505556,0
-1.711573397005112,-2.553770466949601,0
-0.9744707284165699,-1.6192915316414132,0
-0.6344511037399154,-0.03498968058866936,0
0.09622987088776469,0.331363918633931,0
-1.4396266415898933,-1.6981915063846862,0
-1.2393164636752634,-1.7095169552444642,0
-0.8675890451166036,-0.9582528214056744,0
-1.4340429146351483,-1.7260010910844494,0
-0.28012342470200813,-0.8314698631144768,0
-1.3050497914455597,0.9432141618438875,1
-0.5409887309043839,-0.516766385214723,0
-1.082902270245079,-1.0274019840974662,0
-0.17004426794113792,0.49933714657646067,0
-1.5238892057468736,-0.8659478834863179,0
0.07988152323789177,0.37873597223130995,0
-1.2506967184054667,-0.25454174752063097,0
-0.8412610701225021,0.34959300516720604,0
-1.4259080667066264,-1.8515003111791417,0
-1.6085422626290053,-1.0639612531543128,0
-1.51531895506354,-1.4025122936546892,0
-0.8242549006540075,-1.4588447311791604,0
-0.7743532487641224,-0.8565992535539528,0
-1.5063799951838894,-1.2898419608128853,0
-0.9739881744556288,-0.5449747040274575,0
-1.6145419762017417,-1.2157582744998452,0
-0.9898616298099968,-1.5221508606286838,0
-0.9197434642386435,-1.043965922886314,0
-1.0597647058070503,-0.9481210567531445,0
-1.4824299435164456,-1.3829409763461653,0
-1.2206692899965448,-0.46201262348009164,0
-1.149097273608221,-0.9204185247768921,0
-1.172949543493234,-1.6875287383195934,0
-1.1528733551440369,-1.1856433899953844,0
-0.8706342984522943,0.6446179803175404,1
-0.5772694910937235,-0.32610656025125084,0
-0.20974742948522862,0.1851774060563891,0
-1.5006698743227664,-2.7912102506823464,0
-0.570400416341577,-0.5088370123293426,0
-1.1300574496840934,-0.7067708501664451,0
-0.039216911084541506,0.4112944879011591,0
-0.677550576797471,-0.008641324793264848,0
-0.17733270789554367,-0.1822300448768045,0
-1.5608891894338557,-1.1676417519494597,0
-1.9036935594366273,-1.9381579478152977,0
-1.0717561052317197,-1.3803455986533715,0
-1.8394286098458184,-0.18798471679501771,1
-1.2829128611071159,-0.16486662080147219,0
-1.226040461190248,1.4623718866166528,1
-1.4465890393141887,-1.2456283895993294,0
-1.068871376630649,-0.8896423223584234,0
-0.5089535991214764,-0.4592129821121308,0
-0.3117063397919986,-0.011180232054402772,0
-0.49014839650753306,-0.7421270280123433,0
-0.6691682472191584,-1.157860800614903,0
-1.0739855417497701,-1.9643342837599378,0
-0.8197117025788375,-1.1688289209986344,0
-0.9387747556931662,-1.4836376977888641,0
-1.5568860738765105,-2.004934249638396,0
-0.6510956582151273,-0.38289922673295884,0
-1.1110327707003504,-1.6312831227370048,0
-1.2316759696273618,-1.5858982815450045,0
-0.6079420223282219,-0.5661092800687189,0
-0.4994364450215182,-0.20663213392142166,0
-0.864309396219306,-1.149962383317404,0
-1.3676229609116144,-1.2044953221326586,0
-1.3607528695537376,-2.200533936943226,0
0.08735711596045803,0.21044960683443992,0
-0.6234300045523906,-0.7361643082957602,0
-1.1179805537425946,-0.7577411589242574,0
-0.47512502974146664,-0.9824304731694823,0
-1.469791624753507,-3.2464378911841574,0
-0.8459588663501699,-0.6653294643739992,0
-0.8098737992948729,-0.8032505094322668,0
-1.4105504076255309,-1.785077282723632,0
-1.248077195583158,-1.6247920807936491,0
-1.2624824435575244,0.5051098093283544,1
-1.289077543832742,-1.1233586444077528,0
-0.375595357109086,-0.1673714484245713,0
-0.5950732409011539,-0.5779366296044808,0
-0.03711272625199846,-0.24853413302826288,0
-2.19520133321692,-2.5140943185391675,0
-1.1749599561403745,-0.543942807809846,0
-0.82830551481411,0.8981913810453859,1
-0.5014593374434472,1.6920563180954664,1
-0.58661929328262,-0.2724825436662457,0
-1.3630143141945634,-1.1521709521139791,0
-0.46254871028891376,-0.4880157036531255,0
-0.5918901966643823,-0.0817599361428838,0
-1.2549879057027271,-1.4771601340261413,0
-0.9577636589448288,-0.7832233796766525,0
-1.6531980137862965,-2.33802771228724,0
-1.6152681345407087,-1.9693378559785255,0
-1.095828743744647,-0.5226649451639838,0
-0.7897324140107854,-0.19851879941146722,0
-0.7953616615313752,-0.5718832707176467,0
-0.4551696588005333,0.32367123645316354,0
-0.6307125873620956,-1.666241693227208,0
-1.0709432610263905,-0.48793556185817355,0
-1.29937707430213,-1.0866852137377705,0
-0.7917305678355179,-1.0155338590147331,0
-0.8142732302167577,-0.36083085441939644,0
-1.6077594988810948,-0.4531565931753361,0
-1.4000248127409762,-1.2536520461386338,0
-1.9049954517011152,-2.0968429515422535,0
-1.6462946005389985,-1.6555340699439562,0
-1.5394101223792762,-1.3381547568419183,0
-1.2312752031883603,-1.2793430661827148,0
-1.2042868712801122,-0.5909712626471961,0
-0.37290634773297937,0.1969591211737629,0
-2.059748038185088,-1.1415285111605873,0
-0.9084289782971954,-1.0471778861475163,0
-1.962189671578995,-0.317489093557628,1
-2.1127115977272313,-2.160075904260781,0
-2.5857055217885825,-2.672272595037038,0
-0.8521339356357698,-0.9021633472215974,0
-1.4780769098668056,-0.903419208508556,0
-1.4463450750706646,-1.6481380323667811,0
0.2851006421395159,0.5069668013615165,0
-1.4102945856516345,-0.7263691242985766,0
-1.6549363671360857,-2.250091573271566,0
-1.894761747710824,-1.2590013270701241,0
-0.7987292494224171,-1.3687693024042429,0
-0.8011551072506318,-0.44452442642929,0
-0.34691062379505233,0.05150475839546376,0
-1.0435276337761856,-1.4570656858205395,0
-0.4207648187101163,-0.13724176970516344,0
-0.35459197879336435,-0.8313366500397373,0
-0.44306353237148244,0.16452246309244223,0
-1.2023716400569122,-1.9983505288454597,0
-0.7884441338061492,-1.2051798323380987,0
-0.767881648275631,0.23170986237186653,0
-1.0550490138043138,-0.4612786606845345,0
-1.110654370207991,-1.1741002966882221,0
-1.4774759619888913,-2.5025082395838583,0
-0.7508094248826462,0.12941699051208233,0
-0.9770992134147288,-0.6791700761454594,0
-1.3252344387393267,1.1699824031999768,1
-1.4039706044682119,-1.387989379987276,0
-0.23641751250432563,-0.6681971216120501,0
-0.2993739008566719,0.18337148993145225,0
-1.4041995037380008,-2.1648481982650765,0
-1.7184226740195259,-1.7101364681142974,0
-1.3659910159724182,-0.5579008647384625,0
-1.9143795023045949,-0.09612109975188021,1
-0.5772133169471125,-0.7620521168985466,0
-0.9317017645469545,-0.6728777750175281,0
-1.5924689165055477,-0.6943818565219373,1
-1.2674592951015078,-0.9243929343697568,0
-0.31531884747564354,-0.11518309880568045,0
-1.0310643128932862,-0.8741618103642207,0
-0.24907791248325284,-0.15476981124922196,0
-1.223491171067801,-1.2543250478019563,0
-0.96927624101711,-1.3027537006605763,0
0.10698926105028761,0.657753363210545,0
-0.8289022309905479,-0.6663308789027456,0
-0.6856148403343963,-1.4448285372430867,0
-0.9874425050159302,-1.9426071659351591,0
-0.5939005488809213,-0.2726283784949912,0
-0.9939770132012742,-1.2731002529509625,0
-0.2864367625262292,0.30664538696533117,0
-1.122810026034898,-1.0814921144584229,0
-0.21173918137601988,-0.5839980191423579,0
-1.388310357108473,-0.7804735808899844,0
-0.3474190534004481,1.0213868039267757,1
-0.22191774691285537,-0.8595686418537286,0
-0.6309263989748872,-0.7751493386276714,0
-0.6195975259807252,0.22564431937932872,0
-1.6486266644025889,-1.215099710170609,0
-1.196582359421173,-0.8698894172361405,0
-1.6767642087229713,-2.4016755370323777,0
-1.5255154458566973,-2.376336873183403,0
-0.8859579279488904,-0.7128614707364063,0
-1.1098042351903306,-0.6269497614556861,0
-1.5642973393028927,-2.3860128272914416,0
-1.644579497068924,-2.113178458201628,0
-0.790974467697519,-0.46283877469631696,0
-2.478887042492496,0.09401948220243206,1
-1.1681707922269005,-1.476075558355114,0
-0.8616605325784398,-1.4022642931795128,0
-0.635988903498496,-0.7408194131215162,0
-0.31789721029411355,-0.3522847809625873,0
-0.405155743767486,-0.3874228484499862,0
-0.42360218202160904,0.13339265779809528,0
-0.7045508957990676,-1.190187846684548,0
-0.450485394888565,-0.7431977956073765,0
0.017854640298201385,0.8129544397102435,0
-1.4822528391771543,-1.6945627520047366,0
-0.8965405293684234,-2.166322909302335,0
-0.8253005447722593,-0.7094346298575298,0
-0.9063357765138912,-1.0359303448788695,0
-1.1454660911027847,-1.368883754359562,0
-1.8864301961385255,0.5601349791925656,1
-1.149018034888463,-1.3895856750171336,0
-1.407303502511256,-0.8718603445028869,0
-1.0255597818748472,-1.1279529331921767,0
-1.2657565702944857,-1.5945573785053009,0
-1.113617815343226,-1.6823899492876162,0
-0.2702731029322242,-0.5534613500969106,0
-2.301645709322396,-2.2306886264436603,0
-0.41237878710186504,2.7497856129051312,1
-0.7721827667207234,-0.7473916248565703,0
-0.7414203029385281,-0.0901882262879602,0
-1.8290481199509332,-1.8072738460244984,0
-0.2824226768424215,-0.9619352719835426,0
-0.96521351769556,-0.8667924758530151,0
-0.728261720127727,-0.34832739404318647,0
-1.592358435651812,0.007139903262652569,1
-1.351808194898217,-2.071879448072168,0
-1.0731921413503118,-1.1836137119977463,0
-1.128845756576682,-1.6676270113482903,0
-0.3368837855171476,-1.2582119258389683,0
-0.83625947231092,-0.1994902313878767,0
-1.0861792272537485,-1.6146411441645965,0
-1.0095598908662875,-1.107324200634457,0
-1.7449497503064517,-1.5272118409415874,0
-0.3186724231477899,0.062979581069454,0
-0.4764224443405112,-0.2248396049054493,0
-0.3985418808959347,-0.24525702535895488,0
-1.5613935496746922,-1.81365981647828,0
-1.4549288710699768,-1.4311230781523312,0
-0.5405234217675841,0.03134087452972101,0
-0.8665740647154905,-1.0179440973891163,0
-1.2628549252845152,-1.2496310161958657,0
-0.7664133888621718,-1.597370547104634,0
-0.29605767582550124,0.9529274086679993,0
-0.48797412575718857,0.11941460567492612,0
-0.7482783606078995,-2.0093074058950906,0
-0.16223866152735877,-0.537174123690418,0
-0.3689536859208513,-0.32153469968729,0
-1.029122775632527,-0.28577061219353717,0
-0.9563460988584072,-0.9507333863638429,0
-1.3224313627994941,-1.4842337499827303,0
-1.3316839150857218,-0.40514397618016107,0
-1.2351127755597513,-0.5477741890978931,0
-0.5300994624168183,-1.3420468998869266,0
-1.080684164366763,-1.7567496931957418,0
-1.6744786987997724,-1.5082080245712552,0
-1.418127225046218,-1.4612483591652954,0
-0.9536259013617981,1.4433182780365597,1
-0.8588812712725912,-0.9766643152099455,0
-1.3278887206984076,-2.0389030615332686,0
-0.4170316570381234,-1.7965439495180955,0
-1.511474875652755,-1.6917850624440285,0
-0.08919831528522804,1.9121900805621124,1
-0.7581344614126723,-1.0720350761026785,0
-1.0843781098801983,-1.6972100445253302,0
-0.6647278504552161,-0.4592065291252152,0
-1.2415912801158593,-1.61069279338315,0
-0.33657265872853204,-1.1907676223491204,0
-0.3981447336808771,-0.183891464206405,0
-0.9585682259075471,-0.5783663577842986,0
-2.1270942778251687,-2.688529000785616,0
-0.6974613088095314,-1.0089705339296622,0
-1.7065753941682937,-1.751202114996865,0
-1.2786350488138158,-0.9492749288331243,0
-0.274504106309423,0.3679620402007151,0
-0.9091460467721977,-1.5526541981957551,0
-0.811830370147506,-1.6465691975224646,0
-0.6541186329686877,1.6554759050809533,1
-0.3220714932973955,-0.7041979556387847,0
-0.9984560085591259,-1.2366389476845592,0
-0.9174112951823672,-0.5342160552142199,0
-1.7109323018947515,-2.0222924406371945,0
-1.6300496123522428,-0.9265590083970942,0
-0.718137392914909,-1.0594937510368263,0
-0.23165468225544417,-0.05224053608728507,0
-1.661568009192874,-1.2258410727901725,0
-0.6396189219091004,-0.6297754762876773,0
-0.5370373556862507,-0.079026429620221,0
-0.6725649177424764,-0.19165907844787067,0
-1.190952705781459,-0.3578517759787788,0
-0.8649094451618675,-1.2586288990399968,0
-0.5066925609730841,0.3265907283839937,0
-2.2133328793673455,-2.0066953952836326,0
-0.23565691326680405,0.49913740860544054,0
-0.9639219596951185,1.4306770409871283,1
0.1260958915493513,0.17583554899959708,0
-1.142372820588444,-1.3577824504101768,0
-1.6155260826841862,0.7350368846835409,1
-0.4806105004510879,-0.39722286664480955,0
-1.8930790874142946,-2.7469219286439257,0
-1.2489345084719705,-1.1179984196093187,0
-1.024380566083106,-1.2684538326201005,0
-1.4528372521098862,-1.6192525279745267,0
-0.19688513197486013,0.22646521251296647,0
-1.6219396764989567,-2.2797010014593715,0
-1.97597036491708,-1.6882126161012547,0
-1.1220810919045847,-1.2676198320562744,0
-1.1125588048360389,-0.9560931028014934,0
-0.4327407406558754,-0.9053348832654594,0
-0.48489942089673854,-0.11337464991502788,0
-0.7793217577281941,-0.31614284898507117,0
-0.18421654796140752,-0.22212027685504632,0
-0.056621374688651804,0.8261938419081696,0
-1.0577871639763776,-1.1465182739914506,0
-1.7560749057071159,-1.8641021387879468,0
-1.4234465883628775,-2.657400451704909,0
-1.508160554973349,-1.6222603123273904,0
-0.7356057559304472,-0.44958897343612403,0
-0.8480079969262775,-1.4629072819108249,0
-0.6682344581362998,-0.8865262392917896,0
-0.8801388577951987,-0.5351108112773053,0
-0.2073436370156383,-0.3121877265756281,0
-0.8530781406331935,-0.5113050805112802,0
-1.3987537420910885,-1.830845879895,0
-1.0014234044891082,-1.1761747596158325,0
-1.0713287990349405,0.4977516585514288,1
-0.33495877382295813,-0.8201455036241029,0
-2.0014948067466465,-0.16092720444988484,1
-1.626937536257876,-1.3895037923746973,0
-1.7222102825215715,-1.368000047797625,0
-0.7890183637284445,-1.4360811611914381,0
-0.913159228074044,-1.625237104856938,0
-0.04538128291456023,0.4292121877508863,0
-1.0986720772027094,-0.16841321416314214,0
-1.1362324375377173,-1.1107853330784845,0
-0.8147991243876052,-0.3801458522445438,0
-1.6335841978621728,-0.06581347806013538,1
-1.1697130689342838,-0.8930602434028329,0
-0.7408648792322132,-0.7699458858004072,0
-1.0420683104127562,-1.1821566460667174,0
-0.6750491845676545,-0.8861856172966994,0
-0.9462574429590564,-0.7924736675008061,0
-1.5827883908579041,-1.8763775356116075,0
-0.11595132206035885,0.12068126350290043,0
-0.1628327551208696,-0.34640109879655,0
-1.3883929533293329,-0.17392281312473046,0
-1.3076243670796523,-0.513831236487905,0
-1.0230118026944737,-0.7586116488590277,0
-0.913363028068749,-1.0333786385372512,0
-0.38923810943068693,-0.38368291374785124,0
-0.5088721248266437,-0.5083309646233036,0
-0.7938491858752688,0.723631190818651,1
-1.185592078533105,-1.1918185619500843,0
0.34193311083683886,0.6046124834456486,0
-1.3972866442750855,-1.0095229955658636,0
-1.558009082113546,-2.238848716302374,0
-1.6124922898597864,-1.9261135332969155,0
-2.1335182555464662,-3.1766643587761565,0
-1.5228662222847427,-1.9796620861687715,0
-0.6636050374043458,-1.513164905581022,0
-0.8980244663859371,-0.2458957913033355,0
-0.7897118499050029,-0.12634162183079822,0
-1.177771548803427,-0.5942910544297024,0
-1.23796960233288,1.3149698902002922,1
-0.9857963615872566,-0.28181431895353026,0
-1.036831910511326,-1.1994521083570602,0
-0.4433901917293164,-0.8916441608226526,0
-1.1845078782860732,-0.8562398968831368,0
-1.2554197438925994,-1.1454567835529967,0
-1.3653975406005117,-1.4380482200141735,0
0.2663931109163311,-0.3398121717118958,0
-0.5577153718848569,-0.9063172458272102,0
-0.7081911011504254,-0.2903431579540291,0
-1.7250956151600043,-1.4250748693284585,0
-0.7909116004026033,-0.11675729819855196,0
-1.5305066858016132,-2.0536087685870945,0
-0.6554221601483629,1.0080898039868853,1
-0.26202122020784535,-0.29149448860033955,0
-2.282189352184694,-1.857523916802792,0
-0.32688995932506393,0.55396092896621,0
-0.6758990576810696,-0.31048700139511054,0
-1.8763976072689643,-2.5110152606831257,0
-0.6967289497934319,-0.6556779678292008,0
-0.5969302108358996,0.9786001785871961,1
0.15723584816613756,0.3095088037165856,0
-0.5422140524692007,-0.738256647360209,0
-0.5506843697627036,-0.448958490703419,0
-1.6348291561627035,-0.903522375413379,0
-0.8666697671181021,-0.8438651967649213,0
-1.7668651521192609,-1.773408724866366,0
-1.0060123702684065,-1.5819814380558213,0
-1.1638380634165877,1.2487950748835428,1
-0.6879339395257659,-0.33899312020237327,0
-0.10951251457550903,0.24927474393040527,0
-0.8628459909732157,-1.1513918664648222,0
-1.5393415910365391,0.6807933916717169,1
-1.1387317076112655,-0.4894365343576883,0
-0.6966224875619326,1.770342093711561,1
-1.3956031996780627,0.925475218634208,1
-1.3044813534425765,-0.917275878105381,0
-0.4932133736101033,-0.7395276087385267,0
-0.9200064917407159,-0.9206849572616069,0
-1.1096468058648814,-0.6341567910121966,0
-0.5210458681230679,0.688494805680175,0
-1.0494651492139695,-2.0526003700692868,0
-0.5022587089214469,0.3858958823793406,0
-0.16016964640733067,2.001669407689697,1
-0.43282763219879516,-0.7740430441504709,0
-1.3961212873207938,0.09844536714894492,1
-1.0226532602584033,-0.5101295910198957,0
-0.5898967850023665,-0.7381988948114373,0
-0.5241409105068419,-0.3338999912981847,0
-0.25128056926007225,-0.39377203087831414,0
-0.4315402883705338,-1.1664263859168695,0
0.26671372903206314,0.7785882662141621,0
-0.2782023000301863,-1.0438932351157733,0
-0.6050985156100432,-0.8158312088463215,0
-1.309484934225574,-0.9535494441505507,0
-1.3856417766670541,-1.0555043303843468,0
-0.8016891331118395,-1.4869040090634034,0
-1.148639557912575,-1.0983331958172224,0
-0.13721110629225375,0.2878200404237832,0
-0.8411344512632316,-1.6879248591975586,0
-0.4577876620505952,0.20270670440191263,0
-1.6879464592419477,-1.4379636018538635,0
-1.0363196877502752,-1.2933849957444792,0
0.0987775298024487,-0.15432346178573308,0
-1.1704179221728948,-0.5567315398792598,0
-0.8327375899463619,-0.20117602531629675,0
-1.7437061409861392,-2.7353316556960507,0
-1.2639271862843642,-1.2842373513596497,0
-1.8988725759397163,-2.032331476743476,0
-0.5297582427824057,-0.13599097892738776,0
-1.0022109917775737,-1.0942997943804273,0
-0.9418830060545984,-1.1924966876153256,0
-0.8739011089870785,-1.03741163166043,0
-0.4015259296305498,0.38704772649118735,0
-1.553315736833925,-2.1451710077349064,0
-0.6794780136774279,1.2782330046916879,1
-1.6115228507102137,-1.1784472099088754,0
-0.6372211484576107,-0.5067954384736284,0
0.0234501183004987,-0.04687047219423557,0
-1.5352183653020133,-1.370593058919138,0
-0.9571117167437433,-1.3585499996289616,0
-0.7227920795653047,0.22697058395126302,0
-1.2559814379031091,-0.8827052802970539,0
-0.5007325471818247,-0.3691389592261173,0
-1.0592025927444446,-0.7867229165387557,0
-1.0107567146618837,-1.1561945439752583,0
-0.31042495922904867,-0.21089418968294538,0
-1.4674242993831763,1.4954513144199868,1
-1.3744741429136573,-1.2430329277866123,0
-1.6951766212874837,-2.0328322405932697,0
-0.3495136619824566,-0.9193438408722486,0
-0.4648545978799956,-0.43566558355434537,0
-1.4669033161441174,-1.147571413127755,0
-1.4363915613010034,0.897233634548683,1
-1.1206689011980242,-1.0427529489307623,0
-1.711930911708599,-0.9264606550404342,0
-0.3686623885546253,-0.18327069329984835,0
-0.2825263679124095,2.4821045926617993,1
-0.33628184590765053,-0.8303899210529069,0
-1.5800869039433993,-0.762993503818967,1
-0.984897334568889,-0.2153343733969113,0
-1.620690206668185,-1.4789500912907854,0
-1.0157939066346675,-0.8421337459183569,0
-0.9913589469879123,-0.6945952334143437,0
-0.31441388635023504,-0.7948641535809636,0
-0.366945349645329,0.03782495848089695,0
-1.27952171048174,-1.313796356757256,0
-0.968064565089175,-1.6894892312274914,0
0.44537417983796357,1.4574916468762504,0
-1.5981199396483512,0.20725379068095662,1
-1.1350357586338653,0.5165878832945578,1
-1.463148956102775,-1.0288683256586788,0
-1.2442953826361858,-1.0111648672370852,0
-0.923914154903061,-1.0065212101749748,0
-1.275305794525234,-1.3253236418953354,0
-1.3806687659192782,-1.0118296324590614,0
-1.015573410683869,-1.0666987132941428,0
-0.765899118536356,1.3095677883075592,1
-0.7367929832144927,-0.05475499429291786,0
-0.7770191250025622,1.6075164573020584,1
-0.08707406250134253,2.4362618961297122,1
-0.8702230833089396,-0.8966802925656127,0
-1.4375628034402577,-1.672914077364013,0
-1.1506548375202765,-1.1326135756500784,0
-1.9304364310552775,-1.6938734106378015,0
-2.53594951129198,-2.568239125551324,0
-1.5092210825768708,-2.119485152099498,0
-0.7022833028454072,-0.7304824221250611,0
-1.9084887748566781,-0.7838144910830557,0
-1.4925170780468329,-1.8213727679242635,0
-0.7291622328611159,-0.4257407619215845,0
-0.05310087202008518,-0.25459894670521455,0
-0.8121006391732228,-1.1649987456446393,0
-0.9592232050417413,-1.3556490726200616,0
-0.46759383158310264,-0.9521150275488236,0
-1.1679823653241355,0.15754560970416032,0
-0.9620211217751324,-1.3681101370262891,0
-1.7655555577814237,-1.0363180748952336,0
0.8889851566368319,1.9432626127500252,0
-0.6844294123318404,-0.8478105976246784,0
-0.4315198835517958,0.08365599725868278,0
-2.1794246986814017,-3.1570274395443456,0
-1.4652816835190774,-1.440654223343956,0
-0.8034619360283918,-1.168161531557068,0
-0.8562282996854338,-0.9032015145231272,0
-0.8908600673941521,-0.35386394975670654,0
-0.8626597867507144,-0.6524397514147777,0
-1.3209603818641016,-1.195528422482023,0
-1.2458906270793135,-1.5149045848729776,0
-0.7767686415189979,-2.211300400633057,0
-1.3102422773029678,-1.0483627984286015,0
-0.5817328923823186,-0.7166027066299723,0
-1.591420459945117,-1.7732058254019516,0
-0.5295159445846679,-0.5094112740282235,0
-0.8016140023415796,-0.9091773958786519,0
-1.3127437302970937,-1.3135817125829468,0
-1.029084217729303,-0.5063934017316385,0
-0.6015231030186229,-1.0213860793369665,0
-0.7136706029949573,0.18795672178464806,0
-1.5670650931739527,-1.5401087504835322,0
-1.7865938136879356,-1.7741277354139047,0
-0.9918929340460776,-1.027745816602187,0
-1.022346734744665,-1.809419694173753,0
-1.8312152409222342,-1.8044116037406654,0
-1.6410308789241066,-1.545724982041186,0
-1.7070909599995527,-1.927724401430813,0
-1.6248368865360732,-1.1141525804870342,0
-1.3768394222651046,1.4555200177463918,1
-1.2923989949274748,0.24467896496129227,1
-1.2162875897816432,-1.1951482990421716,0
-1.899852205670046,0.5160424249060114,1
-0.6754103267880591,-0.9918364444659697,0
-1.650023147193512,-2.0673111205363774,0
-0.5732573331826114,-1.1509820698143662,0
-1.6895090644776474,-2.2500260693732717,0
-0.8595666872236736,-0.2641171047740475,0
-1.800810094555901,-1.9746830942708844,0
-0.7082632757901318,2.0487214213772433,1
-1.3544483898390505,-0.7947482519819621,0
-1.20540754595147,-1.1117792139956606,0
-1.3454304824613794,-1.41834460781031,0
-1.0649158352802233,-1.1271466331294513,0
-1.794373583262273,-1.5396982176890635,0
-0.7050085827773057,-0.09900896282142857,0
-1.0025342016011378,-1.5300090081278,0
-0.8029600147098874,1.0412906227162415,1
-1.130252211493307,-0.9056173212059611,0
-0.9943812680468215,0.13950932410396977,1
-1.0450310113449448,-1.1347988191810081,0
-0.14139059359727257,0.3880255538889592,0
-0.32158740090367244,0.4865156083153921,0
-0.8812845535522928,-0.5987167944921515,0
0.6611558074659354,2.430872333242239,1
-0.6305273124212111,-0.5206194702169785,0
-0.6469586334764023,-0.5210459685548579,0
-0.7724185601478923,-1.3655172962142808,0
-0.5649811827739497,-0.4600259145539526,0
-0.5689121122312896,0.5890690266207029,1
-0.9913329122785924,-1.9162964342097348,0
-1.083874420699399,-1.832697869275486,0
0.36662546237766525,0.2698601928518869,0
-1.3032351932754769,2.1059821507827237,1
-1.2444469561356608,-1.204266943337255,0
-0.675649740190791,-0.8946833122568434,0
-1.3377206471733163,-0.7606011372657122,0
-0.6335207493832009,-0.42322868710459816,0
-1.1523089369406525,-0.7248598319613284,0
-1.0445578833307039,-0.9396507738276109,0
-1.943160131237766,-2.1531356534560393,0
-0.5909452049727616,2.4741073475307136,1
-1.2278556191757537,-0.816431517584949,0
-0.7732016053656691,-0.7151526692046117,0
-1.0318824463748517,-1.3000013770903731,0
-1.1012219425420546,-1.2993667852758768,0
-1.5667386211623082,-1.6629212694285964,0
-0.761946457428492,-0.580667752017811,0
-0.8862023422730603,-1.0473253839785177,0
-1.4071965947385034,-1.1477000157099817,0
-0.7358634988190811,-1.3096753297324484,0
-0.3566670516460908,0.05678830185086192,0
-0.84539170358549,-1.7882094795647678,0
-0.11672108691194527,0.258811047470868,0
-1.455789798835408,-1.67760211530792,0
-1.1339065452885633,-1.8399248054857362,0
-0.48088257985089633,1.6031447242370616,1
-0.481332612190127,0.3848341453785551,0
-1.2923965307517924,-0.8772020534341647,0
0.3621265347901381,0.39420716434389336,0
-0.7685403071317569,-0.5424244396187878,0
-0.8289059056121225,-0.966811507411954,0
-2.2330815055969446,-2.52325178000694,0
-1.207437246780167,1.2932182515119797,1
-0.3519090559353062,0.9759758162043164,0
-0.5176555920789879,-0.9861985009880808,0
-0.4199411367714656,-0.7230333800778356,0
-0.9146765246844901,-1.5247297334348069,0
-0.7608248952167183,0.3571715196556762,0
-0.7960251660043637,1.4795357560000078,1
-0.4961989273908869,-0.7349860497865264,0
-0.052735528192307646,0.9403747995054741,0
-0.3303763651009911,-0.37944431235107723,0
-1.732228255024388,-2.389896293436477,0
-0.7597900353236745,-0.15166411159866966,0
-0.8217857754010747,-1.2194941747762156,0
-0.2665632273996257,-0.5980987992461436,0
-0.7016550514127606,-1.2832594882859207,0
-0.7514686647288318,-0.3345898076281606,0
-1.4222807072922241,1.6975618326832218,1
-1.0345810973810527,-0.41083259397314964,0
-1.1928737257830027,-1.7561588360947176,0
-0.43467888002130795,-0.19137457952836423,0
-1.3680369339408927,-1.194017088418659,0
-1.398043151020758,-1.5906862372548205,0
-1.9468930541197782,-3.065937814419343,0
-2.2194263860543746,-2.0082818062887893,0
-1.5385364607046061,-2.4110963162434205,0
-0.9870583032300064,0.6938688790080547,1
-0.8950934321262894,-0.8474583151541609,0
-0.5626083925638603,0.17534395244761836,0
-1.3992817842776735,-1.0592310977739823,0
-1.1410162176713121,-2.6791786900010957,0
-1.2555873221304212,-1.840788802690023,0
-0.7184057262851002,-0.45577877458800664,0
-1.5235303721801348,0.2531404147068915,1
-1.951557106432508,-2.6868082348084608,0
-0.9155235038656886,-0.22881476717144733,0
-0.8969815375324764,-1.8306791252699748,0
-0.760194139582465,-0.8282355855892694,0
-0.24553924842885877,-0.3639592202476083,0
-0.745646083834757,-0.549305714778995,0
-0.6626400396589256,-0.4230444815918827,0
-0.25391023902276433,0.04594134996989507,0
-1.3270314782210766,-1.0780144479990268,0
-0.9602210803019446,-0.8374343497687458,0
-1.2347827077637963,-0.9894589303670889,0
-1.1928292131186902,-0.8824669887815999,0
-1.4345679493849826,-1.717987432318068,0
-1.28541483852745,-1.293781576860801,0
-2.0485406151175978,-1.8016385445699035,0
-1.0516006358653753,-0.9051307580404464,0
-1.3105205232711783,-2.0407602250869896,0
-1.0965119975278081,-0.04093730875902002,0
-1.5481210808647243,-1.0906532062499295,0
-0.84660184232561,-0.9471739954903697,0
-1.094550241142784,-1.9450618079680195,0
-0.9904359448001208,-0.6502936333574555,0
-0.9643592121700191,-0.7867991230268767,0
-1.0579400887061305,-1.7630773138682327,0
-0.2337801659040557,1.9917475300815377,1
-1.1443738902546112,-0.17736352948595402,0
-0.350688910262565,-1.5217409318544708,1
-1.9207927221177916,-0.8149310761820503,1
-0.6564609791779955,-0.5464732245595383,0
-0.7686486914001807,-1.7915619867746342,0
-0.5926433636184564,-0.017219534271441073,0
-1.4360820250175137,-1.2616524754343368,0
-1.2186714762521733,-2.0766461844150825,0
-0.9859033780686559,-1.4876305490899213,0
-0.5263476032187965,-0.15563957678612295,0
-1.032141715940556,-0.41722094074792293,0
-1.351085362903869,-1.5595762923233911,0
-0.9144038279208939,-1.1334228740759753,0
-1.4177529599787935,-1.4511816949542333,0
-1.1025274891108758,-1.4002332097394052,0
-0.6346820322804813,-1.0560396666407514,0
-1.0655386064362686,-0.6165278939200421,0
-1.0582250929860224,-0.7837203965987087,0
-0.45127523353900456,-0.35246304045965715,0
-1.3026146129691498,-0.3755688004965879,0
-0.7996480850370791,-0.8134616076840417,0
-1.0459560118544915,0.5141742797983735,1
-0.7777098223561602,-0.7153323182024818,0
-0.7836006062912868,-0.5308175242545979,0
-0.2671737824347371,-0.5983054594621848,0
-1.0780457719207321,0.08319514855747812,1
-0.46807309325882585,1.2290163071689773,1
-1.7533459613879525,-2.7060893278513785,0
-1.1687790767323882,-1.6005220407968892,0
-1.6321736879581936,-1.7184610752254843,0
-1.5788749602363499,-2.393494896539493,0
-0.41466914512205166,0.01959532640108619,0
-1.0860982004241937,-0.49395282763044857,0
-1.3977059111057757,-1.3070527305637323,0
-1.172453964668708,-1.2569600404817063,0
-1.9973086794474932,-1.812122242481418,0
-0.7124945418958728,-0.8804521428225156,0
-2.6258299030785057,-2.8278912885935448,0
-1.3264385159694845,-1.815178002667936,0
-0.8334857315345445,-0.5146474016082129,0
-0.30287558246774626,-0.5759753247595406,0
-1.8965531985404473,0.5268799712966583,1
-1.2846738677588363,1.2373723795057683,1
-0.9614426059728548,1.433721128065685,1
-1.9093390794602958,-0.10229889775687187,1
-1.225931083278211,1.4619963289763849,1
-1.4702675933079172,0.26242726904491626,1
-1.183543932701292,1.2663858639003982,1
-0.7984272937841156,0.5741531045092279,1
-0.17309628522318432,2.509087365898456,1
-1.9032322973422864,0.5308409255656712,1
-1.1189068077190918,0.36144633195548626,1
-1.2823178617104987,1.3514647524749308,1
-0.9237416843688412,0.13117645258738822,1
-2.008450046091447,-0.30468377643268396,1
0.36789944975585803,2.2776243289675904,1
-2.0143455947018314,-0.3540698219395037,1
-1.3782023594653765,0.9221565441432453,1
-1.150900707018288,0.5008146506173736,1
-0.2749931024121159,2.04210986572867,1
-0.9883390566675341,0.6935039678351297,1
-1.483120145138187,0.7704998673745083,1
-0.5518109862674366,2.4479842713576683,1
-0.6194928828430287,1.6637729710157592,1
-0.7425101857578932,1.6774066936751841,1
-1.1065048088163074,2.08704860958642,1
-1.5334428183209359,0.6931948625845562,1
-1.3118755304251433,0.2172198354624592,1
-1.2677700123628717,0.19149905872962958,1
-1.3367004753754177,0.24630079041364591,1
-0.996270679757838,0.6657622795053164,1
-1.6011804581863045,-0.008471606130746205,1
-1.3989046601979704,1.7777601725282737,1
-0.3159141190338236,1.988972089784374,1
-0.501621576385979,2.612008881757359,1
-0.9078929119765187,0.10144570534460687,1
-1.2074213487210839,1.2877004571012103,1
-1.2136177230578862,1.29323175907289,1
-0.9808000665838585,0.1379072420850895,1
-1.3515173261162656,1.0850275926959927,1
-0.3299316850236704,2.4136855329721074,1
-0.4236149218838964,1.1525097264654358,1
-1.5404632133709928,0.19262022304307652,1
-0.803976555561314,0.7749377470693289,1
-1.9623304472709964,0.40199703625998934,1
0.48804062933253245,2.3853640744255777,1
-0.8226859350100025,0.6939576766037071,1
-1.1635544386752086,1.2828006121503641,1
-1.2329727231678103,1.765371909431389,1
-1.4193347460790955,1.47425265211587,1
-1.15159938320732,0.27260692491063265,1
-1.2013811363724063,0.5027578132047219,1
-1.4990200187565823,0.971747555183865,1
-0.11399396730688537,1.9258341086719404,1
-0.6546456893054364,1.659303846876516,1
-1.3609642753391888,1.0544919909729351,1
-0.48562079510898837,1.229591034027402,1
-0.04363823900784827,1.9971981899498692,1
-1.1156743589442728,0.6498647537480285,1
-0.514626963633981,1.6133382342971043,1
-1.831669673525642,0.5685581650582815,1
-0.6643604286327283,1.0101012052817304,1
-1.375139175156985,0.8999212111036683,1
-0.09190861768853281,1.913300676417939,1
-0.9741006533232255,1.0005284469540214,1
-1.3941984759434176,1.4378543200068779,1
-1.8528817832256506,0.5522201147387682,1
-1.1595460794750252,0.6135436054448501,1
-1.2634313267537005,2.021479351241616,1
-1.5516194858777903,0.6895352745486355,1
-0.3360857241838916,1.9782927093150533,1
-1.3655795878428894,0.1415047953094928,1
-1.2264552998257976,1.2182179836385698,1
-1.6323261091340044,-0.06358715593040411,1
-1.2316510225151642,1.393045190719533,1
-0.7169091246401534,1.5355636971632554,1
-0.6089738409972825,0.5964446430581609,1
-0.38030251715592617,0.7816918570439164,1
-1.6145442632944054,-0.6491157958091281,1
-1.0312397019207047,0.6812807527182579,1
-0.49245651980328947,1.6531553949542634,1
-0.5443060193761964,-0.7908381703475272,1
-1.2108820087145002,1.436689318762273,1
-0.9624182649974773,1.4325232388725209,1
-1.3048727241531386,0.9429011782504222,1
-1.1466484612142749,0.8688636929419782,1
-0.9328016692190634,1.4397331841692798,1
-0.8332449504727184,0.907311711264602,1
-1.6911750393352771,-0.7306233531158578,1
-0.9169248104036976,1.4443534208224493,1
-1.5037678910274486,0.04835942179755493,1
-1.0974461200096002,0.4171973746617007,1
-0.8808043298433575,0.6370512248752008,1
-1.6109872424274383,0.6480518027917087,1
-0.9157129866631033,1.4163063044029445,1
-1.372135668465416,1.0280618845403477,1
-1.2544419350915739,0.8854765676892099,1
-1.4019939583570407,0.89874290132243,1
-1.4789468439818836,0.2515082638158482,1
-1.9801192994329377,-0.1644959193582631,1
-1.163042318256454,0.9310065394866905,1
-1.181096052510706,0.8719183698638413,1
-0.7423698724927092,1.6210376319436213,1
-0.7584128203407816,0.9224808683974445,1
-0.9985388078931846,0.7681362251994298,1
-1.0986848823395716,0.39674520764333293,1
-1.1884413680176291,1.2738633642783461,1
-1.3624779784387515,1.88569014705827,1
-0.7773585675708354,1.3742207855297826,1
-0.43238399671012034,2.3275428310156148,1
-1.1834823178824543,1.2663308623542688,1
-0.8093148684140633,0.5847779960648126,1
-0.6979292951960072,0.442476722320582,1
-1.2673544354983703,0.9038756344470943,1
-0.6232256169794207,2.0199446023584486,1
0.18067695732348382,2.434333262941633,1
-0.844436608065869,0.5977248639416943,1
-1.5491415363121774,0.7925214094330829,1
-1.0386260741766329,1.4024506620091024,1
-1.3991860936968683,0.9148582006526222,1
-0.6747064650918222,1.1966072891537827,1
-1.4358735374028686,1.6367059324085722,1
-1.336777788825771,1.728188958581895,1
-1.6521852113954378,-0.5719320732463175,1
-0.28193630796432817,2.097329113843315,1
-1.114000364219092,0.4993942315261507,1
-1.431754375451849,0.9183679521166349,1
-1.9951492213373307,-0.19326494504047612,1
-1.254547378582792,0.5048043618195998,1
-1.403353194686593,0.8992333779351486,1
-0.23211742406478206,2.1293784440601335,1
-0.9690860524506593,0.8883391280285695,1
-2.350138785154216,0.025262725885748114,1
-0.6975588273297532,1.7684457442690424,1
-1.4334103858538119,0.8498163495848338,1
-1.1288775191719977,0.45735285749033683,1
-0.19932621338308507,2.0266596279389466,1
-0.5626167240425157,2.517842035030514,1
-1.0572750619899014,0.5068479867929188,1
-0.8091040114897531,1.5776858921802495,1
-1.5950281783012135,0.09986787503861237,1
-0.720333068497934,0.9668272632806953,1
-1.5880214846442313,0.022640734059852945,1
-0.9725417847002786,1.000318937596685,1
-0.8045425455729948,0.7408987838022949,1
-1.1379736375328735,0.34111985300538916,1
-0.6470192402729026,1.4519042385758893,1
-1.418492431589732,1.473881346100591,1
-0.5310331852378589,0.4792783929115162,1
-1.5945823217032356,0.08438197116593382,1
-1.3425380032071708,1.4226563258751832,1
-1.2627098958519836,0.26322024036046865,1
-0.7698049326113273,1.0312022433516475,1
-0.9573425952423763,1.4387550163626712,1
-1.3693099153526334,1.0246709662363684,1
-0.796793821931156,0.7385490954792592,1
-1.2504083794788492,1.294303295108643,1
-1.3202768936057834,2.047515632935768,1
-1.5529280870057158,0.690467000869869,1
-1.1822559988179029,1.345051569244854,1
-1.8892914356492305,0.5507355402966002,1
-1.0215696741642621,0.9041766831007952,1
-1.469553398101624,0.26084775558576573,1
-1.1281979937506814,0.34722488512876193,1
-1.1808392838947066,0.20199581225193208,1
-1.0272170652011163,0.9280861918088454,1
-1.174169241402333,0.5981394771454148,1
-2.0230882087345043,-0.42653735375543733,1
-0.4198553419834061,1.8951517453011386,1
0.15187209015652003,2.5749884222043637,1
-1.1122733847788862,0.5098577365049637,1
-0.3918064659251998,2.744698379993139,1
-0.8402521523590599,0.12132776001314396,1
-0.997062744704421,0.09188136950897699,1
-1.5660519483246689,0.1011627336368002,1
-1.2982016905136986,0.9305504393267727,1
-0.7248001650923392,0.5713275386172463,1
-1.2279553590027752,1.4387105218021239,1
-0.785120430320962,1.5999843590984801,1
-1.286856363460007,1.9694238300332334,1
-1.1641377524698644,1.2498240807547158,1
-1.3850815974164314,0.2539671417228475,1
-1.5036865281278684,0.7376843161826412,1
-0.3663600863402112,1.9524656471784498,1
-2.007003723902115,-0.2925681722403867,1
-1.9036762397449571,-0.0949658438505429,1
-0.6983688137848577,1.8121039667301926,1
-0.5906658845926682,1.23303149790053,1
-1.2512403857628556,0.8833921747970505,1
-0.9959502045380022,0.09200070031241951,1
-1.9386641413000294,0.40170114166320825,1
-0.8484586115527681,1.5410963919963794,1
-2.255201775758517,-0.025437461871387596,1
-2.013725470120268,-0.3488751398447717,1
-0.4998212951464932,0.3012566483252396,1
-1.2348581067218243,1.3127532211262305,1
-0.8589343728372357,0.9547454731958825,1
-2.00898858681126,-0.3091950438742117,1
-1.1599790086158366,0.39751545559407647,1
-1.366886379934722,0.1396624053586733,1
-0.757377893587328,1.306478140930847,1
-0.8706462438494896,0.8940051508571755,1
-1.480703587850185,0.6593113109140634,1
-0.7869803348088517,1.428505776775053,1
-0.4135054160617991,2.4273821474354462,1
-1.4180398869687958,0.8968021692425405,1
-1.1096225736453162,0.8689951816226573,1
-0.8794470517466559,0.12595131586804614,1
-1.3529654504900328,0.15928892489093785,1
-0.43118250370769207,1.0070228957060634,1
-1.3400283141141374,1.4571926080893334,1
-1.9641254130801253,0.42467526352730295,1
-0.7859136774691975,0.13067846200439856,1
-1.5444008128972526,0.6843955665988152,1
-1.4971359070311108,0.20636869652602027,1
-1.568077969428699,0.225735257181683,1
-1.2736510141880626,0.8979827838435237,1
-0.28101739141500365,2.4518259439321732,1
-1.1167457772787537,0.8845727382225602,1
-0.43404674101068347,-0.3643523549228864,1
-0.7942214977323647,1.4764204213191363,1
-1.3203082354496454,0.24747588641461,1
-0.8137709680625799,0.11820395470654119,1
-0.24065497722783485,2.0100880051574017,1
-0.3964386358964296,2.4791508679827587,1
-0.23629109138780618,2.0502510843451383,1
-0.6315112848160632,1.2670659799088724,1
-2.001172703669998,-0.15972066854673586,1
-1.8563564849180703,-0.17664379548693332,1
-0.5741526063842429,0.5880715654431831,1
-0.22400908976041167,1.92616915511606,1
-1.5588057359630425,0.07734034812112327,1
-1.3979762951283206,0.1025479007041962,1
-1.0792224535637907,0.09114013934252009,1
-0.9489068222898904,0.6681502353326372,1
-0.4896510331017436,2.406490937769297,1
-0.06328184128852157,2.4182821777798487,1
-1.758309475013365,0.5807265167684724,1
-0.6787947647017193,1.239708321678462,1
-0.6942759236356307,1.7640005311127844,1
-1.4636688522071888,1.4949366650355984,1
-1.1022562211797333,0.6237494835387755,1
-1.063794379391517,0.5026283368303853,1
-1.4211529622627141,1.6979657906956487,1
-0.4227218603743291,2.3127579158053417,1
-1.1871159540992469,0.8724521910618508,1
-1.13725813035926,0.9485640534100747,1
-0.49303527941998043,1.0151003123096196,1
-1.75725953623829,-0.07916236712202669,1
-0.10347355024058413,1.91803961851885,1
-1.07248642550795,0.5658095315360877,1
-1.8132612988034795,-0.587244074094306,1
-0.1846156075654954,2.459139945279567,1
-1.7914289596395894,-0.7674331477575087,1
-0.555585633300547,2.0298327887489385,1
-0.619879195923375,0.6195586252153743,1
-1.554751507963388,0.6917652798218709,1
-0.5627006583003427,1.666553333415334,1
-1.2407354356319251,0.8772069558113126,1
-0.6574756036073455,1.7400034508068962,1
-1.4440263908410795,1.6002051278115172,1
-1.5255111466908249,0.6757265969958367,1
-2.0212497250631984,-0.4366055919851033,1
-1.854873032949984,-0.16905524813960984,1
-0.6867224777944796,1.7435874287458606,1
-1.252370227936827,0.230552922552903,1
-1.1659402856312753,1.2509370275888612,1
-0.4329190740190094,2.419271210234293,1
-1.478593208774688,0.25892430909094,1
-1.2669340161256275,1.344284769810963,1
-0.9403835853391168,0.7010587441995082,1
-1.2304775315884775,0.11097560935341969,1
-0.4540432157764675,1.2048727600848492,1
-1.9550000256848317,-0.12633918723866,1
-1.1852753408680643,0.09358709607739203,1
-0.6839455145391363,1.736082716804765,1
-0.2375078768180867,2.001692237781709,1
-0.7287371076441509,0.6846797542223305,1
-1.2768755042366389,0.2111600091066882,1
-1.9967499894799776,-0.14315403554480532,1
-1.1633718573148204,1.3046914289553893,1
-0.10363312415423825,2.434722544037148,1
-1.3630847122034775,1.5746831230514324,1
-1.1289267329773955,0.8681103439965248,1
-1.1238575192459153,0.40906635824002896,1
-0.857486496472712,0.9520720684845487,1
-1.1265942760039094,0.8670853666659342,1
-1.8713634983515992,-0.4340571131754382,1
-0.36763583523068133,1.9615892473341485,1
-1.3962111420708065,0.9234166976407067,1
-0.9607303166141624,0.5775843095701219,1
-1.3753325234086724,1.0028812323635339,1
-1.3023972299451476,0.2450449886667377,1
-0.1642347724914609,2.1240202624959963,1
-0.5069186104922562,0.9940355308965042,1
-0.9434413914880017,0.09763278357395246,1
-1.3453645819018583,0.1700050625167125,1
-0.6836569187614838,0.6101942677729381,1
-1.4382912480420105,0.0788244754958388,1
-2.1596579219496777,0.267459287714665,1
-1.3757727459834028,1.8571209434048228,1
-1.1293441436794742,0.5218164018873831,1
-1.5841266255830928,-0.740608454948306,1
-0.6846892465411974,1.4409720546273344,1
-0.158644579127723,2.4416375135850856,1
-0.6791731121361073,1.2610412698377302,1
-1.95776103628523,-0.6757067817349854,1
-0.1555732697178211,1.9487134897177116,1
-1.7787746550296524,-0.15198583432523607,1
-1.0662536196387855,0.5147242406916581,1
-1.28785448375646,0.9128197896383263,1
-1.9184507260544654,0.504307966300323,1
-0.9267181733239412,1.4079234902457207,1
-0.8709505371825719,1.4623175115965439,1
-0.9978359711248502,0.7635895765004984,1
-0.12022564985629913,1.9292631474325046,1
-0.19960356587923034,1.9963541548523955,1
-1.348423675487632,0.9227615667056548,1
-1.1292801754595372,0.5164319365594763,1
-1.4640779978686769,1.5104329032133181,1
-1.0143528157566546,0.8807597927891426,1
-0.51577764061503,2.476056428993458,1
-1.306063113250268,0.22541451238152663,1
-0.48587100034270986,0.21868547526458515,1
-0.6172351959197097,0.9888372524222486,1
-1.2332575582343384,1.3731940908382358,1
-1.2926924579332737,0.5629493090949801,1
-1.881831237428329,-0.24355742338227065,1
-1.0080355085559556,0.09070443337137787,1
-1.0883429727902976,0.5966705961734362,1
-1.3799644868703989,0.8979711899075076,1
-0.869075753946404,0.12472788436505665,1
-1.634937692375839,-0.06661679401980589,1
-0.987380416340534,0.6928861245402117,1
-1.9580800414777109,0.3978437330686127,1
-1.913650230758239,-0.09701493196464199,1
-0.2113468045023352,1.9894568694586685,1
-1.542596700887436,0.23125607460194955,1
-1.2152285726228553,1.327248549517238,1
-0.36222000139875205,2.2201785085262027,1
-1.6069861773244063,0.742431864808313,1
-1.2080816192723631,1.2936773106765023,1
-1.2344853171941055,1.3580233321370097,1
-0.4241999405414439,1.8843389401779642,1
-0.16121706209713657,1.9417010759601159,1
-1.8816213789198066,-0.18094048800501678,1
-0.7068224346579521,0.6144591850666028,1
-0.33451801583870167,2.4603827207588265,1
-0.024198565248594567,2.033469637419096,1
-1.9500003381548614,-0.26105071806384705,1
-1.1571328080954992,1.7958097568373539,1
-1.006850654056853,0.9797999802083255,1
-0.8989152791987961,0.9068522031881178,1
-0.5182146121446704,1.6144219918616427,1
-1.239285042927227,0.5071990082778421,1
-0.7655554473780091,1.0328733777771277,1
-0.5160787840472677,2.424132126832777,1
-0.4080491874371583,1.9245348164082452,1
-0.743239674998155,0.5558879999929729,1
-1.435042564330796,0.18452362746616818,1
-1.1156558166344015,0.11726254574361583,1
-0.9967802517972534,1.4252086217797473,1
-1.6057284634421631,0.7280609624270117,1
-1.3168975269736254,0.9104645349484946,1
-1.1696255869436176,1.2546919784502564,1
0.35351729857770003,2.542177070858319,1
-0.18395632987507976,2.0168503723341793,1
-1.0740835469625662,0.5069179450847799,1
-2.0220559715215196,-0.41384029562565433,1
-0.7875838623237464,1.4766119204947639,1
-0.8098495095608269,1.002392929452716,1
-1.1273349383779183,0.5835593522401001,1
-0.8006034079824308,0.9158010454277352,1
-0.31815424888877836,2.414780378884232,1
-1.4247875254956344,0.9128393097515136,1
-1.3410674117276846,1.1188051029037829,1
-0.5117651654849982,1.6270785765102758,1
-1.3055014768710362,1.4551521709411404,1
-1.8751591905849758,-0.5202084965430769,1
-1.556422811162852,1.0074152466083797,1
-0.7119751059872816,1.349383571088536,1
-0.4706301691542129,1.7687837267082411,1
-1.6230962814613306,0.7301493908238689,1
-1.0783001654979623,0.49981288116024414,1
-0.6858847401815009,1.241962929265569,1
-0.3395778842941188,2.4806252570740206,1
-0.6094384653734098,1.2619272571401148,1
-0.8774961386353848,1.514099075270322,1
-1.1961839409471893,1.281752266277729,1
-1.2287484400033644,1.428910845412265,1
-1.2459983452579588,0.6169119309846753,1
-0.41728517164271833,2.478610321049614,1
-1.6513841330849022,0.23633236434060145,1
-0.17761394305633382,2.691731714613777,1
-1.3148308113162368,0.24692696696065777,1
-1.105961142517387,0.5121171417203064,1
-1.4236042346484719,0.9060874925247638,1
-1.4609017662947426,0.8059513295350231,1
-1.209391893395259,1.2947386894257724,1
-0.8934848043644739,1.4992337917533354,1
-0.4687485539646914,0.1173188496863784,1
-1.0312887005399438,0.9453243819668147,1
0.1592375158275777,2.4669228667234826,1
-1.3406401625605324,0.9004004993896307,1
-0.4800551717224262,2.6453039945725223,1
-1.2844623601234435,0.9344351030119017,1
-1.1675579734792585,1.2615676778627738,1
-1.2276841719268274,0.5082438032483408,1
-1.9364508755279217,-0.6267765629159897,1
-1.9785461209067443,-0.3473285353222558,1
-1.9318685134992761,0.4809143811649967,1
-1.7151485751308149,-0.4635366638453585,1
-0.794071491189924,1.59166221015563,1
-0.6978453900203906,0.9811222218964374,1
-0.5560305493749159,0.5517323050865565,1
-0.6621146986193557,-0.346111516889563,1
-1.1265902578100442,0.4353520914215183,1
-1.9104202587167993,0.37774821190560437,1
-0.7818669325128094,0.6201249152428555,1
-0.7816472909217166,1.036494566265354,1
-0.27921024558551877,1.9788179511344208,1
-1.302114964847577,0.9027804418234101,1
-1.4078443690544042,0.8965624629259079,1
-1.903210778447987,0.506110525867456,1
-1.8873122008602445,-0.23849857293090918,1
-1.5089958468010642,0.7445917244112107,1
-2.0075641790433703,-0.2355836612152582,1
-1.2529439740558113,0.21495537481752314,1
-1.5123161739977657,0.17460786940884404,1
-1.6323516035936672,-0.05632276354025395,1
-0.8424565895842848,0.924320373056018,1
-0.515069675761002,2.024820325725083,1
-0.6762423209132324,1.0061452762998444,1
-0.948119291748006,0.8922382569835123,1
-0.834730979857397,1.358608713752962,1
-0.9949458642736632,0.970679368833615,1
-0.6789000391543344,1.245644173850331,1
-1.367730566096406,0.9002462793217365,1
-0.6203650639968716,1.413485805364843,1
-0.6450096720381093,-1.3400950188446115,1
-0.7752378159909401,1.3622557298284614,1
-1.0702515749767127,0.6701655232464953,1
-1.2125720643718816,1.5257834804115686,1
-1.2883004268815028,0.23582916924613603,1
-0.5205543832593252,2.4271197019781234,1
-0.2626518870847976,2.4774430984348736,1
-1.1632729002379811,1.3165560094144657,1
-1.22095088597133,1.4160938547431878,1
-1.322863414366675,1.403806387793767,1
-0.6731130698630974,1.1810307432384977,1
-1.8008346520592424,-0.7966445350904253,1
-1.7102503310416488,-0.11131578909831025,1
-1.9496064630408805,0.38956373768095753,1
-0.6788563900916222,1.2431830412843201,1
-1.927420044170401,0.43580627104395386,1
-1.0969866932267325,0.4186143957845632,1
-0.4904379260687695,0.11706843987956386,1
0.4159505096140774,2.5195885067736516,1
-1.6042073613314378,-0.7095139645489604,1
-0.28747576152635823,2.0189653321538583,1
-0.6612869236345472,0.12539916811520668,1
-1.0341409216151376,0.9573999057245277,1
-0.4237097959881161,2.6907755854311377,1
-1.2715528817254682,1.2591724409083214,1
-0.45332132698931005,0.9240888501895659,1
-1.3141862541021518,0.9582226857335303,1
-1.9345683904774753,0.46549742739747957,1
-1.3725118356707913,1.0125911942386554,1
-1.5468047809782774,0.0283351642367216,1
-0.5878604130408719,-0.626420744888557,1
-0.45862905173798585,1.0023163119223673,1
-1.12670191273657,0.18620491777113177,1
-0.8279281518447431,0.688563344703232,1
-0.3987300405067698,1.945127153908064,1
-0.5029399291008003,1.2371335757255018,1
-1.3982401530071102,0.916546372987784,1
-1.2314371944394096,1.310316119677473,1
-0.31576817682668484,2.48124263851846,1
-1.3727291491682911,0.8984181619736413,1
0.061509284081333854,2.3239778559326956,1
-1.8941072722098773,0.5368491902438596,1
-1.7413593138117291,-0.5426032169688704,1
-1.409909492237074,0.9511524674977045,1
-0.8114345072972211,0.9934441230296679,1
-1.1564477281981493,0.32958251393345345,1
-0.4169024036698965,2.478620246154501,1
-1.2422653102845551,1.3238868963130455,1
-1.0606892161676253,0.6535460429276213,1
-1.2002460957763799,1.4186691708504997,1
-1.9712717520412482,-0.13844391681086343,1
-1.3538964917417702,1.0271075310480462,1
-1.2231053312607645,1.38361379200566,1
-0.6357525490125142,1.3666687561141813,1
-0.6091564786791767,1.2618616084607557,1
-0.4696141306628207,2.4649942452131133,1
-0.42994571823482275,2.72266505372929,1
-1.1319666679464933,0.5432787428171721,1
-1.4000151611800398,0.9712978263108196,1
0.17019167602953092,2.5856243436411406,1
-1.3968392951301172,1.7066749407186463,1
-0.9548080029179947,0.890994376359127,1
-1.706381443294513,-0.7822459833092152,1
-1.149843594152417,0.5303195663033159,1
-1.368878379099674,1.8618905049187586,1
-1.1650903878203427,-1.155123777965862,1
-1.0516447764137256,0.6531211692891666,1
-0.859609399861836,1.4649237646071191,1
-1.4116711401122424,0.8983182947325339,1
-1.4282680122646427,0.8580214785006841,1
-0.05692197364648299,1.934501100228502,1
-1.0413982278550988,1.5951237247693983,1
-1.3607987813171794,1.0389620949017428,1
-1.478104009073896,0.8540351007339414,1
-0.8395738999196052,0.8985456091727052,1
-1.9857990383156814,-0.11493999265336591,1
-1.23307434375839,1.3754579738122308,1
-1.757584579744942,0.5810577891122783,1
-1.5483216955249577,0.23788908436617037,1
-0.8879621288824807,0.8922931283598747,1
-0.6980531496938224,1.6383313426329094,1
-1.2417746839456927,0.8773944337914705,1
-1.176242473669189,1.2614339195845474,1
-1.06810562035282,0.4998378717187579,1
-1.9739120481593897,-0.3388744912258307,1
-0.5700684485786682,1.6756161163164005,1
-1.5653894293365873,0.06356565315106999,1
-1.9890877836362495,-0.1629985998882645,1
-1.2359650324548745,1.3160522260013923,1
-1.2888246002072126,1.2304760820773541,1
-1.2547914918391263,0.5058024700495584,1
-1.9416035017938966,-0.09439797457657188,1
-0.3843542417425808,0.8996640054806027,1
-0.8984500158072215,1.4946174418296552,1
-1.6221100498104633,0.6429687533748004,1
-1.1990468643440924,1.3359856069704257,1
-1.2175736367571552,1.3259823692277517,1
-1.5848682967045638,0.7627958738809336,1
-1.0096025771687722,0.8397077115650912,1
-1.7301791639982953,0.27483263792624546,1
-1.030145073191476,0.9976465233221332,1
-0.524222251685069,1.686601839863351,1
-1.0982952508949768,1.3799051194101664,1
-1.1905056700256145,0.09409398337210674,1
-1.2310394410434722,1.3187117211802066,1
-1.2245939026253772,1.4492187489789392,1
-0.7958033056167622,1.481029694058633,1
-1.2205233032186262,1.3025409246680946,1
-1.165036874017242,0.5303303923111039,1
-1.0986775624208651,0.3396591589984502,1
-0.3503365416597427,1.0232759364922308,1
-1.2297407908887956,1.4166488979753824,1
-0.8142085010686867,0.8267740978694047,1
-1.0259138812860222,0.9225688676209514,1
-1.0552583564127846,0.5322791201258747,1
0.02688692016467764,2.502424967003456,1
-0.6178610710061088,0.5797522170541113,1
-1.6328585197576861,-0.06022591052149934,1
-1.3294066545851426,0.9850466561502167,1
-1.1629628900067182,1.3537250674488468,1
-2.0063863729457023,-0.22109602959377936,1
-1.3649845267962146,1.0409892072827647,1
-0.2589638883520837,1.9817546212864865,1
-1.9307369682089746,0.4257455145263343,1
-1.9234088017808948,-0.3627048051206,1
-1.171668523568085,0.4097855400792438,1
-1.1319550428638359,0.5433798422892168,1
-1.39144325016727,0.9241716506014206,1
-0.8064023109782987,1.5801977680779165,1
-0.6355959245956712,1.3671452922752074,1
-0.4329691216861524,-0.3793146480307972,1
-0.18777773920318935,2.0009500222035292,1
-1.9039076594174211,-0.10895592176887392,1
-0.6810557542833139,1.8511167224714904,1
-1.0886320947941774,0.12221981631071396,1
-1.867465795010619,-0.21756199593942033,1
-0.81497517128568,1.4740212200331224,1
-1.3024900819612328,0.5817076474933073,1
0.11257256813783177,2.2910405329411407,1
-0.34204058102015367,2.732392007493445,1
0.47509053397158824,2.498191429673292,1
-0.5611663238966521,1.6273968533572423,1
-0.3453398105288331,0.8173985002137728,1
-1.4159083017741385,1.7194242263252824,1
-1.4063014203552109,0.12095973997323126,1
-1.3927632279462938,1.4625394919572963,1
-0.6615391400030145,1.0678875339230431,1
-1.2657765626756874,0.5114166650483294,1
-0.9556162400047331,1.4408745911634424,1
-1.2024004732468294,1.422319276008483,1
-1.5335986722286925,0.678689468636979,1
-1.180740584422874,0.20223416051444626,1
-0.22998322384901315,1.9896582289377267,1
-0.8087401724609522,0.9106286701822132,1
-0.1785942931982356,2.0011893157258243,1
-0.9016482073615358,0.9062743224842147,1
-0.687690255860557,1.7462028380764836,1
-0.6918328061482123,1.3642560072666086,1
-0.9858739458873711,0.8826125816742968,1
-1.9066372789413304,0.49597775245281905,1
-0.16087813006125812,2.5073931273251526,1
-0.7956112883882139,0.11348900657457871,1
-0.8191801250855341,0.9497128087047547,1
-1.109507208350745,0.6378618359812456,1
-1.292142643460583,0.9057433031322519,1
-1.1101839090908152,0.30019284302396243,1
-1.2115652048957302,1.3307525778609224,1
-1.5671201123187937,0.0973449756525276,1
-0.5181135795968531,1.2917988775635962,1
-1.027418973298424,0.08862536738253872,1
-0.5300122656090547,0.9900753890761548,1
-1.9198395191529962,0.45879920533756885,1
-1.0257181014547492,0.5292317867784795,1
-1.7238306819777283,0.5964830971712728,1
-1.2352725246812954,0.09742681829847756,1
-1.378589580348046,0.9896619009813561,1
-1.4894724780748578,0.662523801069343,1
-1.3987707620718564,0.9147497062111967,1
-1.2088261330005459,1.4032651405348988,1
-0.6028626358583271,1.2334309690448286,1
-0.37014793646559396,1.9708453734840663,1
-1.229788948466988,1.4160538406210217,1
-1.600003000973337,0.7239844230067106,1
-1.707383875705334,-0.07377904116484824,1
-0.06591213847348953,1.9282866492072421,1
-1.655639706535653,0.29973990548999346,1
-2.0147510703810974,-0.35746642532139455,1
-0.3620589732391195,2.64605509176958,1
-0.3628770550302159,1.964108671244767,1
-0.7614805882365404,1.6135800590847516,1
-0.8393693839634361,0.6767901187295184,1
-1.59203993690803,-0.6967589334869924,1
-0.3293756102705931,2.0068621248231553,1
-1.3106436151652632,1.0060590334391835,1
-1.1030380001512428,0.4989722530287789,1
-1.130800947582023,0.5534166245743813,1
-0.8404270214415753,1.013899900166868,1
-0.8264513262777397,1.5607458364334994,1
-0.9763844507147893,0.6893535144157771,1
-0.20881339490963316,2.032714468140843,1
-1.9294349960996051,0.42856083458441147,1
-0.9078066233837505,0.6404438044259321,1
-1.3329118669035638,1.1451664670550386,1
-1.2561026344416026,0.2673465714806122,1
-0.7331961449037858,1.297710261097685,1
-1.930234220212865,-0.10791561181036889,1
-0.4129245955594693,0.9110920027309666,1
-1.4067763589956894,1.6149783274221714,1
-1.1959040750788312,0.8732314870686999,1
-0.6220596695399692,1.415774281219479,1
-1.1020314660665729,0.24514729601021792,1
-1.1815515778612933,0.6368874142213046,1
-1.9061973110283075,-0.10614960857039737,1
-1.2321529544338665,0.8764458951315561,1
-1.4753506529261637,0.7828968051124852,1
-1.506239236959199,0.1873223063227563,1
-1.2777301373715488,0.6070765597622234,1
-1.9329519181545276,0.4678509287971645,1
-0.470039438382455,0.6900455134249073,1
-0.3812959681354246,2.0082704080196265,1
-1.59999504270522,-0.678949343105723,1
-1.9383425035442003,0.4022197455343381,1
-1.3862176971520122,0.11240801286591534,1
-0.6092518049247572,0.31664188496665246,1
-1.9781084697879694,-0.09208741659264558,1
-1.136853877898526,1.3653360367534964,1
-1.6907563278166402,-0.4928410168573769,1
-0.7100433730016654,1.3310261515326887,1
-1.1737815382848724,0.21903948403798015,1
-0.8479412167262014,1.0084065539890712,1
-1.1263147616330405,0.5163515890794033,1
-1.109575001137858,0.5090599059221579,1
-0.7877042779997385,1.5355659982891205,1
-1.4613454179235448,1.4927716439636063,1
-1.7559248956346951,-0.754397275434539,1
-0.6501240359615453,0.11578867920968454,1
-1.9533652890687787,-0.1251230873470036,1
-1.328512835702149,0.9835115375629236,1
-0.7045584330947772,0.5282557989708919,1
-0.7706815311684716,1.0314689734646552,1
-0.6287066549286838,1.3881061755496704,1
-0.9898505398754788,0.6930733173335529,1
-1.402523424331505,0.9025429808874789,1
-1.2924008714092952,1.1860156081403448,1
-0.6996109015555116,1.0098437073565905,1
-1.5038984315018131,0.19221984321128982,1
-1.8766662347588043,-0.14234439414663827,1
-0.6371494435837965,0.6016319488478397,1
-1.1097735432584341,0.8689780314105395,1
-1.5530004967331648,0.08948632684198557,1
-1.4193954367288675,1.6821935145706977,1
-0.7292038070189653,1.0188481928809636,1
-0.6828788511624656,1.73320007103528,1
-0.8037890268855296,1.3365633705106654,1
-0.943794573043877,0.931490852520603,1
-1.3234236974116247,0.9747710299145271,1
-1.338253040180623,1.1279020639050394,1
-0.9617046378603282,1.4313222915201278,1
-1.0466096338742887,0.10435466202473237,1
-1.4327962239441883,1.6504832458474146,1
0.384948150870618,2.530805273549342,1
-1.2060627772290462,0.549122988439465,1
-1.921966068788355,-0.13124799906790394,1
-0.690674232529461,1.7542670014376611,1
-1.2088380521151152,1.2889651021744024,1
-1.3029764563369635,1.4588761373993446,1
-1.8438191369881625,0.5876456557391707,1
-0.794866703558459,0.7287860661581574,1
-0.6592716415003181,0.9975693369444153,1
-0.9443643598656771,0.9349696043999661,1
-1.173328456634053,0.8712295700096341,1
-1.3301838171874076,0.9018937214613209,1
-0.9791117675536167,1.4249376881256006,1
-1.6802952377074984,0.2493054681931572,1
-0.9271426856717859,0.7030983983832617,1
-1.9578989726293419,0.43553091058346327,1
-0.7491588949867113,1.6183883523159932,1
-2.0106724587300646,-0.2738171286480615,1
-1.1191091497526025,0.3633926245039493,1
-1.5978398012521982,0.19752376471846614,1
-0.42595895028334596,2.679062360414095,1
-1.3531526889508283,1.4055690707185753,1
-1.4050076299085454,0.11809839421534707,1
-1.9785727048314556,-0.25223149746033247,1
-1.8960655767218781,0.5284818544912784,1
-1.07222692358506,0.5007401232622918,1
-1.4013564657958206,0.9059943940923438,1
-0.5159991382491459,1.2401738604325334,1
-1.4442850933971143,0.8806384183216629,1
-1.8636848850668184,-0.15825499504393306,1
-1.042477448111214,0.1071360164065524,1
-0.7916995813020343,1.508662882669526,1
-0.26313610277726984,1.9770982546257263,1
-0.4735533777741803,1.7615084664696137,1
-1.2906191638247653,1.587172266780452,1
-0.4835234596514874,1.6145558919685619,1
-1.3935310967718424,1.544427784979086,1
-1.233874029504948,1.3120521519923427,1
-1.2092964734320044,0.18207336409544272,1
-0.3447727389715806,2.684627938013278,1
-1.5257183328804247,0.25179440703523553,1
0.003591233235736485,2.6469223356068987,1
-1.3027013246997776,1.2074203875407619,1
-1.116793774901816,0.3564160590805665,1
-1.3886175112468864,0.8974366384680168,1
-1.1751139161220685,1.2588606620982725,1
-0.3715293701410922,2.7396841519851907,1
-1.4429543095762263,1.4846645423486668,1
-0.28257798120440386,2.4822109895910627,1
-1.2907843262127328,2.079549213094612,1
-1.1975139315052996,1.4140401366932471,1
-2.0110245710295716,-0.39147882683324053,1
-1.38867944016555,0.8974328127313521,1
-1.028049009657967,0.13333326495355438,1
-0.3239634607948697,2.0011774725304683,1
-0.3923756615605484,2.266322431889239,1
-1.3392871950415148,1.98229525547193,1
-2.0032584591758953,-0.26119470279288237,1
-1.3174122838303797,0.20941380503288476,1
-1.6853638809968183,0.6899480012242922,1
-0.4666551963631602,1.2265762958072253,1
-0.26897847942780617,2.0532617879534274,1
-0.6794124673872787,1.274537206907182,1
-1.1958906314346256,0.09461585655418296,1
-1.4705836928755336,0.8605471856430795,1
-0.0948051015501022,1.9192590118389683,1
-1.054884423818045,0.5083953353343174,1
-1.0981014026297378,0.9752274796558966,1
-0.16458342738187876,1.9200070677900194,1
-1.7847302212055112,-0.7941895578102787,1
-1.8484038603907853,-0.19974764266823075,1
-0.4938082214468224,2.409265965645078,1
-0.8925738778984083,0.9002116937776983,1
-1.1423866458792866,0.5159258493815478,1
-0.48508861785543744,1.6064043830444203,1
-0.793024315196386,0.6056142860374203,1
-0.43917955765573535,2.4166556089015474,1
-0.8136426647271628,0.8239074982502481,1
-1.1624995687161224,0.6427926458516369,1
-0.10427748084594879,2.4402969014207865,1
-1.5819784716647405,0.7640868455754704,1
-1.616074786913074,0.7346826286556064,1
-0.8349736051665557,0.9105035539633356,1
-1.9869881420893674,-0.16334914230958064,1
-0.7945298048268903,1.4710990866834883,1
-0.8428443758106167,0.6174985414671513,1
-0.25696175609772154,1.9939992159960942,1
-0.2862122876742774,2.4897028397221974,1
-1.3130378764307058,1.1759381978017782,1
-0.8437262336235204,1.4685737997539816,1
-1.3753239095196113,1.0019821822835988,1
-1.0878236304245996,0.5153086771693943,1
-0.6358206120781921,0.5065780881170534,1
-0.5978540443490209,1.4462868684788102,1
-1.4038137682931195,0.8976738544516678,1
-1.2923789975518192,0.5623491640094967,1
-1.1660930566636023,1.251092685884022,1
-1.9665625608572956,-0.2701365794356174,1
-1.633105423304392,-0.06496623543783499,1
-2.461494660190724,0.08473124936408355,1
-1.0352762189363887,1.001577645760971,1
-1.0631318698082421,0.5030571483709235,1
